user_id,product_id,rating,timestamp
101,B07JW9H4J1,4.2,1701324938.0615895
83,B098NS6PVG,4.0,1701324938.0615895
64,B096MSW6CT,3.9,1701324938.0615895
68,B08HDJ86NZ,4.2,1701324938.0615895
29,B08CF3B7N1,4.2,1701324938.0615895
98,B08Y1TFSP6,3.9,1701324938.0615895
140,B08WRWPM22,4.1,1701324938.0615895
137,B08DDRGWTJ,4.3,1701324938.0615895
10,B008IFXQFU,4.2,1701324938.0615895
188,B082LZGK39,4.0,1701324938.0615895
11,B08CF3D7QR,4.3,1701324938.0615895
36,B0789LZTCJ,4.2,1701324938.0615895
144,B07KSMBL2H,4.4,1701324938.0615895
17,B085DTN6R2,4.2,1701324938.0615895
107,B09KLVMZ3B,4.1,1701324938.0615895
196,B083342NKJ,4.4,1701324938.0615895
119,B0B6F7LX4C,4.2,1701324938.0615895
166,B082LSVT4B,4.0,1701324938.0615895
58,B08WRBG3XW,4.1,1701324938.0615895
106,B08DPLCM6T,4.3,1701324938.0615895
169,B09C6HXFC1,4.5,1701324938.0615895
70,B085194JFL,3.7,1701324938.0615895
8,B09F6S8BT6,4.3,1701324938.0615895
66,B09NHVCHS9,4.0,1701324938.0615895
178,B0B1YVCJ2Y,4.3,1701324938.0615895
8,B01M4GGIVU,4.2,1701324938.0615895
68,B08B42LWKN,4.2,1701324938.0615895
59,B094JNXNPV,4.0,1701324938.0615895
116,B09W5XR9RT,4.4,1701324938.0615895
170,B077Z65HSD,4.3,1701324938.0615895
200,B00NH11PEY,4.5,1701324938.0615895
124,B09CMM3VGK,4.0,1701324938.0615895
89,B08QSC1XY8,4.3,1701324938.0615895
124,B008FWZGSG,4.3,1701324938.0615895
99,B0B4HJNPV4,3.9,1701324938.0615895
4,B08Y1SJVV5,3.9,1701324938.0615895
48,B07XLCFSSN,4.4,1701324938.0615895
45,B09RZS1NQT,4.0,1701324938.0615895
42,B0B3MMYHYW,4.2,1701324938.0615895
199,B09C6HWG18,4.2,1701324938.0615895
82,B00NH11KIK,4.5,1701324938.0615895
75,B09JPC82QC,4.3,1701324938.0615895
46,B07JW1Y6XV,4.2,1701324938.0615895
157,B07KRCW6LZ,4.3,1701324938.0615895
9,B09NJN8L25,4.0,1701324938.0615895
142,B07XJYYH7L,3.3,1701324938.0615895
153,B002PD61Y4,4.1,1701324938.0615895
93,B014I8SSD0,4.4,1701324938.0615895
192,B09L8DSSFH,3.6,1701324938.0615895
158,B07232M876,4.2,1701324938.0615895
37,B07P681N66,4.4,1701324938.0615895
169,B0711PVX6Z,4.2,1701324938.0615895
25,B082T6V3DT,4.3,1701324938.0615895
93,B07MKFNHKG,4.2,1701324938.0615895
152,B0BFWGBX61,4.1,1701324938.0615895
121,B01N90RZ4M,3.7,1701324938.0615895
150,B0088TKTY2,4.2,1701324938.0615895
119,B09Q5SWVBJ,4.2,1701324938.0615895
121,B0B4DT8MKT,4.2,1701324938.0615895
91,B08CDKQ8T6,4.3,1701324938.0615895
168,B07B275VN9,3.7,1701324938.0615895
125,B0B15CPR37,4.3,1701324938.0615895
37,B0994GFWBH,4.0,1701324938.0615895
127,B01GGKZ0V6,4.2,1701324938.0615895
77,B09F9YQQ7B,4.2,1701324938.0615895
45,B014I8SX4Y,4.4,1701324938.0615895
23,B09Q8HMKZX,4.1,1701324938.0615895
9,B0B9XN9S3W,4.3,1701324938.0615895
91,B07966M8XH,4.2,1701324938.0615895
60,B01GGKYKQM,4.3,1701324938.0615895
134,B0B86CDHL1,4.5,1701324938.0615895
64,B0B5ZF3NRK,4.1,1701324938.0615895
168,B09RFC46VP,4.2,1701324938.0615895
9,B08R69VDHT,4.0,1701324938.0615895
193,B09RWZRCP1,4.1,1701324938.0615895
121,B09CMP1SC8,4.1,1701324938.0615895
86,B09YLXYP7Y,4.0,1701324938.0615895
22,B09ZPM4C2C,4.1,1701324938.0615895
96,B0B2DJDCPX,3.9,1701324938.0615895
185,B0BCZCQTJX,4.0,1701324938.0615895
175,B07LGT55SJ,4.2,1701324938.0615895
153,B09NKZXMWJ,4.0,1701324938.0615895
91,B08QX1CC14,3.4,1701324938.0615895
144,B0974H97TJ,4.4,1701324938.0615895
111,B07GVGTSLN,4.2,1701324938.0615895
82,B09VCHLSJF,4.2,1701324938.0615895
169,B0B1YZX72F,4.3,1701324938.0615895
141,B092BJMT8Q,4.3,1701324938.0615895
85,B0BMXMLSMM,4.5,1701324938.0615895
84,B07JH1C41D,4.2,1701324938.0615895
15,B0141EZMAI,3.6,1701324938.0615895
63,B09Q5P2MT3,4.2,1701324938.0615895
87,B08HDH26JX,4.2,1701324938.0615895
142,B09VT6JKRP,4.1,1701324938.0615895
154,B09T3KB6JZ,4.2,1701324938.0615895
137,B093QCY6YJ,3.7,1701324938.0615895
37,B093ZNQZ2Y,3.8,1701324938.0615895
27,B08LKS3LSP,3.7,1701324938.0615895
38,B00V4BGDKU,4.5,1701324938.0615895
10,B08CHKQ8D4,4.1,1701324938.0615895
107,B09BW334ML,4.3,1701324938.0615895
157,B082T6GVLJ,4.3,1701324938.0615895
94,B07DL1KC3H,4.0,1701324938.0615895
138,B0B6F98KJJ,4.2,1701324938.0615895
93,B07JNVF678,4.2,1701324938.0615895
9,B09QGZFBPM,4.3,1701324938.0615895
89,B07JGDB5M1,4.2,1701324938.0615895
163,B0981XSZJ7,4.3,1701324938.0615895
108,B0B9XLX8VR,4.3,1701324938.0615895
186,B08Y5KXR6Z,3.9,1701324938.0615895
28,B09F6VHQXB,4.1,1701324938.0615895
35,B0974G5Q2Y,4.3,1701324938.0615895
53,B09YL9SN9B,4.3,1701324938.0615895
171,B09RX1FK54,4.1,1701324938.0615895
167,B09TT6BFDX,4.5,1701324938.0615895
67,B09KH58JZR,4.1,1701324938.0615895
64,B09DDCQFMT,3.6,1701324938.0615895
169,B08RP2L2NL,3.5,1701324938.0615895
81,B0B4G2MWSB,4.0,1701324938.0615895
94,B0B21C4BMX,3.8,1701324938.0615895
65,B084MZXJNK,4.4,1701324938.0615895
4,B0BHZCNC4P,3.7,1701324938.0615895
125,B0B16KD737,4.3,1701324938.0615895
173,B099K9ZX65,4.1,1701324938.0615895
127,B08Y55LPBF,4.2,1701324938.0615895
56,B015OW3M1W,4.1,1701324938.0615895
12,B01D5H8ZI8,4.3,1701324938.0615895
188,B09X1M3DHX,4.2,1701324938.0615895
111,B09MM6P76N,4.2,1701324938.0615895
115,B01D5H8LDM,4.4,1701324938.0615895
54,B0B1YY6JJL,4.3,1701324938.0615895
174,B09QGZM8QB,4.3,1701324938.0615895
16,B08L4SBJRY,4.0,1701324938.0615895
11,B09X79PP8F,3.9,1701324938.0615895
14,B082T6GVG9,4.2,1701324938.0615895
175,B0B3XY5YT4,4.3,1701324938.0615895
134,B0B4HKH19N,3.9,1701324938.0615895
23,B08TGG316Z,4.6,1701324938.0615895
32,B071VMP1Z4,3.9,1701324938.0615895
171,B071SDRGWL,4.3,1701324938.0615895
53,B08PSQRW2T,4.1,1701324938.0615895
157,B0859M539M,4.4,1701324938.0615895
6,B08RX8G496,3.2,1701324938.0615895
14,B002SZEOLG,4.2,1701324938.0615895
154,B08CS3BT4L,4.2,1701324938.0615895
94,B00RFWNJMC,3.7,1701324938.0615895
60,B082T6GXS5,4.5,1701324938.0615895
94,B09CMQRQM6,4.2,1701324938.0615895
196,B005LJQMCK,4.2,1701324938.0615895
23,B09C6H53KH,4.2,1701324938.0615895
161,B0BB3CBFBM,4.1,1701324938.0615895
80,B08QSDKFGQ,4.3,1701324938.0615895
108,B08PV1X771,4.3,1701324938.0615895
150,B07YTNKVJQ,4.3,1701324938.0615895
113,B0117H7GZ6,3.4,1701324938.0615895
61,B09XJ1LM7R,4.3,1701324938.0615895
156,B084N133Y7,4.4,1701324938.0615895
80,B088Z1YWBC,3.9,1701324938.0615895
46,B07VSG5SXZ,4.1,1701324938.0615895
81,B08RWCZ6SY,3.9,1701324938.0615895
52,B07KSB1MLX,4.0,1701324938.0615895
146,B081FG1QYX,4.3,1701324938.0615895
47,B08R69WBN7,4.0,1701324938.0615895
88,B0B3RHX6B6,3.9,1701324938.0615895
166,B084N18QZY,4.5,1701324938.0615895
108,B081NHWT6Z,3.9,1701324938.0615895
77,B07JPJJZ2H,4.2,1701324938.0615895
153,B09JKNF147,4.0,1701324938.0615895
86,B0B9959XF3,4.3,1701324938.0615895
81,B09PNR6F8Q,4.0,1701324938.0615895
71,B07M69276N,4.4,1701324938.0615895
44,B0B1YZ9CB8,4.3,1701324938.0615895
122,B09YLYB9PB,4.0,1701324938.0615895
4,B08CTNJ985,4.3,1701324938.0615895
34,B0BP7XLX48,5.0,1701324938.0615895
41,B09LHXNZLR,3.7,1701324938.0615895
118,B0B3N8VG24,4.0,1701324938.0615895
73,B08PSVBB2X,4.1,1701324938.0615895
112,B0B3MQXNFB,4.0,1701324938.0615895
160,B08XMSKKMM,3.3,1701324938.0615895
33,B09L8DT7D6,3.8,1701324938.0615895
109,B00GE55L22,4.1,1701324938.0615895
50,B0162K34H2,4.1,1701324938.0615895
156,B0B8SRZ5SV,4.4,1701324938.0615895
63,B07CWNJLPC,4.3,1701324938.0615895
189,B00NH12R1O,4.3,1701324938.0615895
186,B0B8SSC5D9,4.4,1701324938.0615895
59,B08WKG2MWT,4.3,1701324938.0615895
89,B0B466C3G4,3.9,1701324938.0615895
111,B005LJQMZC,4.2,1701324938.0615895
168,B07MDRGHWQ,4.2,1701324938.0615895
186,B07DC4RZPY,4.1,1701324938.0615895
12,B0B15GSPQW,4.3,1701324938.0615895
162,B08GJNM9N7,3.7,1701324938.0615895
68,B09C6FML9B,4.1,1701324938.0615895
46,B0B65MJ45G,3.9,1701324938.0615895
37,B08P9RYPLR,4.0,1701324938.0615895
5,B0B6F8HHR6,4.2,1701324938.0615895
161,B084MZXJN6,4.4,1701324938.0615895
27,B08XMG618K,4.1,1701324938.0615895
103,B0BCKWZ884,4.3,1701324938.0615895
65,B00GGGOYEK,3.8,1701324938.0615895
171,B07ZR4S1G4,4.4,1701324938.0615895
34,B09C635BMM,4.0,1701324938.0615895
144,B00GG59HU2,4.4,1701324938.0615895
56,B00RGLI0ZS,4.0,1701324938.0615895
127,B09ZPJT8B2,4.2,1701324938.0615895
97,B07HZ2QCGR,3.9,1701324938.0615895
37,B095244Q22,3.7,1701324938.0615895
101,B08CKW1KH9,3.6,1701324938.0615895
122,B0BLV1GNLN,4.0,1701324938.0615895
35,B08RHPDNVV,3.5,1701324938.0615895
183,B00NH13Q8W,4.5,1701324938.0615895
45,B0B8SSZ76F,4.2,1701324938.0615895
146,B0841KQR1Z,3.8,1701324938.0615895
60,B0B467CCB9,3.8,1701324938.0615895
17,B095JQVC7N,4.1,1701324938.0615895
15,B08PPHFXG3,4.3,1701324938.0615895
42,B06XR9PR5X,4.4,1701324938.0615895
125,B09JSW16QD,3.9,1701324938.0615895
156,B07JH1CBGW,4.2,1701324938.0615895
80,B09127FZCK,3.8,1701324938.0615895
80,B083GQGT3Z,4.1,1701324938.0615895
197,B09Q8WQ5QJ,4.1,1701324938.0615895
153,B07YZG8PPY,4.3,1701324938.0615895
162,B09H39KTTB,3.7,1701324938.0615895
137,B08DCVRW98,4.0,1701324938.0615895
53,B0718ZN31Q,4.2,1701324938.0615895
76,B0162LYSFS,4.1,1701324938.0615895
120,B07PFJ5VQD,4.3,1701324938.0615895
190,B01J8S6X2I,4.4,1701324938.0615895
174,B09MJ77786,4.3,1701324938.0615895
36,B09NNGHG22,4.3,1701324938.0615895
156,B07V5YF4ND,3.5,1701324938.0615895
189,B0B65P827P,3.9,1701324938.0615895
150,B084MZYBTV,4.5,1701324938.0615895
173,B097ZQTDVZ,3.4,1701324938.0615895
148,B0B5F3YZY4,4.0,1701324938.0615895
154,B09G5TSGXV,4.0,1701324938.0615895
7,B006LW0WDQ,4.4,1701324938.0615895
109,B09YLX91QR,4.0,1701324938.0615895
161,B081FJWN52,4.3,1701324938.0615895
102,B0758F7KK7,4.0,1701324938.0615895
18,B09L835C3V,4.2,1701324938.0615895
70,B098TV3L96,3.8,1701324938.0615895
181,B08NCKT9FG,4.4,1701324938.0615895
144,B0B4T6MR8N,3.9,1701324938.0615895
57,B01GGKZ4NU,4.2,1701324938.0615895
150,B09BW2GP18,3.9,1701324938.0615895
189,B09WN3SRC7,4.7,1701324938.0615895
6,B09B125CFJ,3.6,1701324938.0615895
104,B09RQRZW2X,3.7,1701324938.0615895
59,B07924P3C5,4.2,1701324938.0615895
62,B08N1WL9XW,4.0,1701324938.0615895
6,B07VVXJ2P5,3.6,1701324938.0615895
138,B0BC8BQ432,4.3,1701324938.0615895
76,B06XFTHCNY,4.2,1701324938.0615895
169,B08CT62BM1,4.3,1701324938.0615895
181,B07CRL2GY6,4.2,1701324938.0615895
118,B07DWFX9YS,4.2,1701324938.0615895
122,B01D5H90L4,4.4,1701324938.0615895
58,B07F1P8KNV,4.2,1701324938.0615895
89,B084N1BM9L,4.4,1701324938.0615895
166,B09F6D21BY,3.0,1701324938.0615895
136,B09LQQYNZQ,4.5,1701324938.0615895
165,B0BC9BW512,4.3,1701324938.0615895
126,B0B61HYR92,4.2,1701324938.0615895
132,B075ZTJ9XR,4.4,1701324938.0615895
68,B0978V2CP6,4.0,1701324938.0615895
141,B09LRZYBH1,3.8,1701324938.0615895
194,B0B997FBZT,4.3,1701324938.0615895
76,B098LCVYPW,4.2,1701324938.0615895
23,B09HV71RL1,4.1,1701324938.0615895
66,B08PZ6HZLT,4.0,1701324938.0615895
75,B075TJHWVC,4.2,1701324938.0615895
157,B09LV13JFB,3.3,1701324938.0615895
174,B092BL5DCX,4.3,1701324938.0615895
117,B09VH568H7,3.8,1701324938.0615895
75,B09HQSV46W,4.2,1701324938.0615895
191,B08TZD7FQN,3.7,1701324938.0615895
173,B0B21XL94T,4.3,1701324938.0615895
12,B09PTT8DZF,3.9,1701324938.0615895
48,B0B94JPY2N,3.0,1701324938.0615895
58,B0B3XXSB1K,4.3,1701324938.0615895
30,B08RZ12GKR,3.5,1701324938.0615895
193,B0B4T8RSJ1,3.9,1701324938.0615895
173,B0B7B9V9QP,4.0,1701324938.0615895
61,B08XXVXP3J,4.3,1701324938.0615895
149,B06XGWRKYT,3.8,1701324938.0615895
48,B07CWDX49D,4.3,1701324938.0615895
193,B09TY4MSH3,3.3,1701324938.0615895
102,B07RY2X9MP,4.5,1701324938.0615895
173,B0B2C5MJN6,4.1,1701324938.0615895
174,B0BBMGLQDW,4.2,1701324938.0615895
6,B01LONQBDG,4.1,1701324938.0615895
35,B08XXF5V6G,4.4,1701324938.0615895
83,B09HK9JH4F,4.2,1701324938.0615895
182,B09MMD1FDN,3.9,1701324938.0615895
148,B09HN7LD5L,4.0,1701324938.0615895
125,B0BNDD9TN6,4.5,1701324938.0615895
151,B0941392C8,3.7,1701324938.0615895
177,B01M5967SY,4.2,1701324938.0615895
33,B016MDK4F4,4.2,1701324938.0615895
98,B08G43CCLC,4.2,1701324938.0615895
44,B0B61GCHC1,4.3,1701324938.0615895
60,B07RX14W1Q,4.4,1701324938.0615895
73,B09PLD9TCD,4.2,1701324938.0615895
84,B0B8ZKWGKD,4.3,1701324938.0615895
158,B09NNJ9WYM,3.7,1701324938.0615895
96,B08H5L8V1L,4.3,1701324938.0615895
43,B0B8CXTTG3,4.2,1701324938.0615895
97,B09HCH3JZG,4.4,1701324938.0615895
50,B097JVLW3L,3.5,1701324938.0615895
75,B09SB6SJB4,4.1,1701324938.0615895
117,B08NW8GHCJ,4.3,1701324938.0615895
187,B09YHLPQYT,4.2,1701324938.0615895
178,B08G1RW2Q3,4.0,1701324938.0615895
145,B08YXJJW8H,3.9,1701324938.0615895
173,B09P8M18QM,3.3,1701324938.0615895
3,B08BG4M4N7,3.8,1701324938.0615895
180,B07VJ9ZTXS,4.0,1701324938.0615895
32,B084872DQY,4.3,1701324938.0615895
9,B00GGGOYEU,3.9,1701324938.0615895
194,B08FD2VSD9,4.2,1701324938.0615895
32,B0BQRJ3C47,5.0,1701324938.0615895
73,B095JPKPH3,4.1,1701324938.0615895
116,B087JWLZ2K,3.9,1701324938.0615895
134,B09DSXK8JX,4.2,1701324938.0615895
177,B08V9C4B1J,4.3,1701324938.0615895
86,B08PKBMJKS,3.8,1701324938.0615895
75,B0B8VQ7KDS,4.3,1701324938.0615895
93,B086JTMRYL,4.4,1701324938.0615895
156,B09RWQ7YR6,4.3,1701324938.0615895
176,B00OFM6PEO,4.3,1701324938.0615895
40,B0BF57RN3K,4.2,1701324938.0615895
34,B0B3RRWSF6,4.3,1701324938.0615895
112,B0B5B6PQCT,3.8,1701324938.0615895
75,B08HV83HL3,4.3,1701324938.0615895
172,B0BBN4DZBD,4.0,1701324938.0615895
178,B0B3CPQ5PF,4.3,1701324938.0615895
48,B0B3CQBRB4,4.3,1701324938.0615895
191,B0BBN56J5H,4.0,1701324938.0615895
151,B0BBN3WF7V,4.0,1701324938.0615895
172,B0BDRVFDKP,4.4,1701324938.0615895
118,B0B5LVS732,4.1,1701324938.0615895
187,B09V2Q4QVQ,4.0,1701324938.0615895
190,B09V12K8NT,3.9,1701324938.0615895
100,B01DEWVZ2C,4.1,1701324938.0615895
197,B0BMGB3CH9,4.2,1701324938.0615895
41,B08D77XZX5,3.9,1701324938.0615895
151,B09XB8GFBQ,4.0,1701324938.0615895
150,B07WG8PDCW,4.0,1701324938.0615895
165,B07GPXXNNG,4.1,1701324938.0615895
101,B0BDYVC5TD,4.4,1701324938.0615895
134,B0BMGB2TPR,4.2,1701324938.0615895
165,B08MC57J31,4.3,1701324938.0615895
23,B08HVL8QN3,4.3,1701324938.0615895
33,B0746JGVDS,3.9,1701324938.0615895
70,B08VFF6JQ8,4.4,1701324938.0615895
145,B09NVPSCQT,4.0,1701324938.0615895
119,B09YV4RG4D,4.2,1701324938.0615895
195,B09TWHTBKQ,4.1,1701324938.0615895
160,B08L5HMJVW,4.4,1701324938.0615895
3,B0B4F2XCK3,4.1,1701324938.0615895
24,B0BF54972T,4.2,1701324938.0615895
169,B09YV4MW2T,4.2,1701324938.0615895
138,B09TWH8YHM,4.1,1701324938.0615895
73,B07WGMMQGP,4.0,1701324938.0615895
178,B0BF563HB4,4.2,1701324938.0615895
17,B07JW9H4J1,4.2,1701324938.0615895
58,B09GFPVD9Y,4.1,1701324938.0615895
22,B09GFLXVH9,4.1,1701324938.0615895
6,B0BF4YBLPX,4.2,1701324938.0615895
125,B09XB7DPW1,4.0,1701324938.0615895
7,B07PFJ5W31,4.3,1701324938.0615895
178,B0B3N7LR6K,4.3,1701324938.0615895
138,B09ZQK9X8G,4.1,1701324938.0615895
86,B098NS6PVG,4.0,1701324938.0615895
2,B07WJV6P1R,4.1,1701324938.0615895
190,B096MSW6CT,3.9,1701324938.0615895
157,B0BF54LXW6,4.2,1701324938.0615895
140,B09XB7SRQ5,4.0,1701324938.0615895
83,B09FFK1PQG,4.4,1701324938.0615895
68,B09RMQYHLH,4.2,1701324938.0615895
76,B08ZN4B121,3.8,1701324938.0615895
122,B0B3RSDSZ3,4.3,1701324938.0615895
10,B08VB34KJ1,4.2,1701324938.0615895
55,B09T39K9YL,3.9,1701324938.0615895
65,B08VF8V79P,4.4,1701324938.0615895
15,B08G28Z33M,4.0,1701324938.0615895
41,B09PNKXSKF,4.0,1701324938.0615895
104,B0B5DDJNH4,3.8,1701324938.0615895
118,B08HDJ86NZ,4.2,1701324938.0615895
96,B08CF3B7N1,4.2,1701324938.0615895
28,B07WDKLDRX,4.4,1701324938.0615895
120,B09MQSCJQ1,4.2,1701324938.0615895
181,B094YFFSMY,4.0,1701324938.0615895
137,B09MT84WV5,4.3,1701324938.0615895
100,B08VS3YLRK,4.1,1701324938.0615895
54,B0B4F3QNDM,4.1,1701324938.0615895
52,B07GQD4K6L,4.1,1701324938.0615895
2,B07WDKLRM4,4.1,1701324938.0615895
47,B0BP18W8TM,4.4,1701324938.0615895
124,B08Y1TFSP6,3.9,1701324938.0615895
169,B07GXHC691,4.3,1701324938.0615895
118,B08FN6WGDQ,4.0,1701324938.0615895
38,B0B3D39RKV,4.3,1701324938.0615895
138,B085HY1DGR,4.0,1701324938.0615895
166,B08D75R3Z1,3.6,1701324938.0615895
197,B0B4F2TTTS,4.1,1701324938.0615895
79,B09WRMNJ9G,4.2,1701324938.0615895
77,B0B14MR9L1,4.1,1701324938.0615895
94,B09ZPL5VYM,4.1,1701324938.0615895
192,B0993BB11X,4.0,1701324938.0615895
104,B09V2PZDX8,4.0,1701324938.0615895
145,B085W8CFLH,3.5,1701324938.0615895
3,B09MT6XSFW,4.3,1701324938.0615895
174,B07RD611Z8,4.1,1701324938.0615895
59,B08WRWPM22,4.1,1701324938.0615895
59,B0B4F52B5X,4.1,1701324938.0615895
183,B096VF5YYF,4.1,1701324938.0615895
85,B0B5D39BCD,3.8,1701324938.0615895
81,B08DDRGWTJ,4.3,1701324938.0615895
8,B082LZGK39,4.0,1701324938.0615895
50,B09XBJ1CTN,4.2,1701324938.0615895
43,B0B4F5L738,4.1,1701324938.0615895
187,B08MTCKDYN,4.1,1701324938.0615895
118,B09QS8V5N8,4.1,1701324938.0615895
27,B08CF3D7QR,4.3,1701324938.0615895
63,B09T2WRLJJ,3.9,1701324938.0615895
110,B089WB69Y1,4.0,1701324938.0615895
46,B0116MIKKC,4.5,1701324938.0615895
129,B09P858DK8,4.0,1701324938.0615895
65,B07DJLFMPS,4.0,1701324938.0615895
148,B07WHQWXL7,4.1,1701324938.0615895
47,B07WDK3ZS6,4.1,1701324938.0615895
177,B09T2S8X9C,3.9,1701324938.0615895
3,B07S9S86BF,4.1,1701324938.0615895
104,B07N8RQ6W7,4.1,1701324938.0615895
74,B09FKDH6FS,4.0,1701324938.0615895
53,B08HVJCW95,4.3,1701324938.0615895
178,B09YDFDVNS,4.0,1701324938.0615895
143,B07WGPKTS4,4.1,1701324938.0615895
128,B0789LZTCJ,4.2,1701324938.0615895
16,B09MZCQYHZ,4.0,1701324938.0615895
44,B0B4F2ZWL3,4.1,1701324938.0615895
169,B08VB2CMR3,4.2,1701324938.0615895
66,B095RTJH1M,4.6,1701324938.0615895
139,B097R25DP7,4.0,1701324938.0615895
73,B09YDFKJF8,4.0,1701324938.0615895
25,B07WDK3ZS2,4.3,1701324938.0615895
114,B08RZ5K9YH,4.3,1701324938.0615895
12,B08444S68L,4.2,1701324938.0615895
127,B07WHQBZLS,4.0,1701324938.0615895
126,B085DTN6R2,4.2,1701324938.0615895
25,B09JS562TP,4.0,1701324938.0615895
92,B09KLVMZ3B,4.1,1701324938.0615895
200,B09V17S2BG,3.9,1701324938.0615895
158,B0B5CGTBKV,3.8,1701324938.0615895
110,B0B23LW7NV,4.7,1701324938.0615895
155,B09KGV7WSV,4.3,1701324938.0615895
140,B0971DWFDT,4.2,1701324938.0615895
38,B0BNV7JM5Y,4.1,1701324938.0615895
91,B0B53QFZPY,3.3,1701324938.0615895
26,B083342NKJ,4.4,1701324938.0615895
168,B07WJWRNVK,4.0,1701324938.0615895
106,B01F25X6RQ,4.2,1701324938.0615895
76,B09C6HXFC1,4.5,1701324938.0615895
143,B0B244R4KB,4.6,1701324938.0615895
96,B0BMGG6NKT,4.2,1701324938.0615895
116,B082LSVT4B,4.0,1701324938.0615895
24,B092JHPL72,3.7,1701324938.0615895
120,B08WRBG3XW,4.1,1701324938.0615895
115,B09GFM8CGS,4.1,1701324938.0615895
59,B0B3MWYCHQ,4.2,1701324938.0615895
118,B09J2MM5C6,4.2,1701324938.0615895
172,B07Q4QV1DL,4.5,1701324938.0615895
186,B0B56YRBNT,3.8,1701324938.0615895
192,B09NHVCHS9,4.0,1701324938.0615895
94,B01DF26V7A,4.1,1701324938.0615895
84,B08K4PSZ3V,3.8,1701324938.0615895
53,B0B4F1YC3J,4.1,1701324938.0615895
128,B08K4RDQ71,3.8,1701324938.0615895
154,B085CZ3SR1,4.2,1701324938.0615895
58,B09YV3K34W,4.2,1701324938.0615895
196,B09Z6WH2N1,4.2,1701324938.0615895
191,B09NL4DJ2Z,4.0,1701324938.0615895
49,B0BGSV43WY,3.5,1701324938.0615895
115,B0926V9CTV,4.3,1701324938.0615895
195,B07WGPKMP5,4.1,1701324938.0615895
68,B0BBFJ9M3X,3.9,1701324938.0615895
177,B09PLFJ7ZW,3.9,1701324938.0615895
42,B0B53NXFFR,3.3,1701324938.0615895
10,B07GNC2592,4.0,1701324938.0615895
53,B09TP5KBN7,4.0,1701324938.0615895
140,B0949SBKMP,4.0,1701324938.0615895
36,B09V175NP7,3.9,1701324938.0615895
157,B07WHSJXLF,4.3,1701324938.0615895
31,B0BD3T6Z1D,4.1,1701324938.0615895
83,B09LHYZ3GJ,4.1,1701324938.0615895
86,B07WFPMGQQ,4.3,1701324938.0615895
114,B09QS9X9L8,4.1,1701324938.0615895
59,B0B6BLTGTT,4.1,1701324938.0615895
109,B077Z65HSD,4.3,1701324938.0615895
77,B09W5XR9RT,4.4,1701324938.0615895
15,B084DTMYWK,4.2,1701324938.0615895
62,B0B53QLB9H,3.3,1701324938.0615895
65,B0BDYW3RN3,4.4,1701324938.0615895
91,B0B3RS9DNF,4.3,1701324938.0615895
114,B09QS9X16F,4.1,1701324938.0615895
74,B08HV25BBQ,4.0,1701324938.0615895
128,B09LJ116B5,4.1,1701324938.0615895
2,B0BMVWKZ8G,4.3,1701324938.0615895
190,B0BD92GDQH,3.8,1701324938.0615895
183,B08Y1SJVV5,3.9,1701324938.0615895
11,B0B5GF6DQD,3.7,1701324938.0615895
136,B09JS94MBV,4.0,1701324938.0615895
116,B09YV463SW,4.2,1701324938.0615895
156,B07XLCFSSN,4.4,1701324938.0615895
3,B09NL4DCXK,3.9,1701324938.0615895
178,B0B8CHJLWJ,4.5,1701324938.0615895
170,B0B8ZWNR5T,4.2,1701324938.0615895
119,B0BBFJLP21,3.9,1701324938.0615895
167,B01F262EUU,4.2,1701324938.0615895
83,B09VZBGL1N,4.1,1701324938.0615895
76,B0BNVBJW2S,4.1,1701324938.0615895
41,B0B2DJ5RVQ,4.3,1701324938.0615895
76,B096TWZRJC,4.1,1701324938.0615895
25,B09GP6FBZT,4.3,1701324938.0615895
147,B0B3DV7S9B,3.6,1701324938.0615895
44,B09MKP344P,4.1,1701324938.0615895
192,B08JW1GVS7,4.0,1701324938.0615895
3,B09LHZSMRR,4.1,1701324938.0615895
71,B0B5V47VK4,4.3,1701324938.0615895
126,B08H21B6V7,3.9,1701324938.0615895
85,B09BNXQ6BR,4.1,1701324938.0615895
62,B01FSYQ2A4,4.1,1701324938.0615895
20,B08L5FM4JC,4.4,1701324938.0615895
22,B0B54Y2SNX,3.8,1701324938.0615895
52,B08BQ947H3,4.3,1701324938.0615895
103,B082T6V3DT,4.3,1701324938.0615895
35,B0B7DHSKS7,3.5,1701324938.0615895
132,B09SJ1FTYV,4.0,1701324938.0615895
11,B09XJ5LD6L,3.9,1701324938.0615895
118,B07WHS7MZ1,4.3,1701324938.0615895
119,B0BBVKRP7B,2.8,1701324938.0615895
43,B09NY7W8YD,3.8,1701324938.0615895
49,B0BMM7R92G,4.5,1701324938.0615895
113,B08M66K48D,4.3,1701324938.0615895
77,B09RFB2SJQ,4.1,1701324938.0615895
88,B0B82YGCF6,3.0,1701324938.0615895
14,B08HF4W2CT,4.0,1701324938.0615895
126,B08BCKN299,3.9,1701324938.0615895
98,B0B2X35B1K,4.1,1701324938.0615895
159,B09QS9CWLV,4.1,1701324938.0615895
14,B0B1NX6JTN,4.3,1701324938.0615895
15,B078G6ZF5Z,4.0,1701324938.0615895
24,B0BBW521YC,4.4,1701324938.0615895
151,B09HSKYMB3,4.3,1701324938.0615895
81,B09YV42QHZ,4.2,1701324938.0615895
186,B09BF8JBWX,3.8,1701324938.0615895
181,B0B5YBGCKD,4.3,1701324938.0615895
111,B01GGKYKQM,4.3,1701324938.0615895
179,B09MY4W73Q,4.3,1701324938.0615895
55,B08R69VDHT,4.0,1701324938.0615895
189,B09T37CKQ5,3.9,1701324938.0615895
29,B09GFPN6TP,4.1,1701324938.0615895
54,B0B298D54H,3.7,1701324938.0615895
92,B08VB57558,4.2,1701324938.0615895
108,B09CMP1SC8,4.1,1701324938.0615895
1,B09YLXYP7Y,4.0,1701324938.0615895
90,B0B9BXKBC7,4.6,1701324938.0615895
110,B09NY6TRXG,3.9,1701324938.0615895
125,B09NVPJ3P4,4.0,1701324938.0615895
86,B0B3NDPCS9,4.3,1701324938.0615895
3,B09VGKFM7Y,4.4,1701324938.0615895
24,B07QCWY5XV,4.1,1701324938.0615895
87,B098QXR9X2,4.1,1701324938.0615895
163,B07H1S7XW8,4.1,1701324938.0615895
61,B0BNXFDTZ2,4.4,1701324938.0615895
170,B088ZFJY82,4.5,1701324938.0615895
17,B0B4F4QZ1H,4.1,1701324938.0615895
177,B09BCNQ9R2,4.2,1701324938.0615895
44,B0B9BD2YL4,4.5,1701324938.0615895
189,B071Z8M4KX,4.1,1701324938.0615895
48,B09N3ZNHTY,3.9,1701324938.0615895
136,B0B3RRWSF6,4.3,1701324938.0615895
198,B0B5B6PQCT,3.8,1701324938.0615895
9,B005FYNT3G,4.3,1701324938.0615895
82,B01J0XWYKQ,4.4,1701324938.0615895
52,B09CTRPSJR,3.8,1701324938.0615895
151,B08JQN8DGZ,3.8,1701324938.0615895
94,B0B72BSW7K,3.5,1701324938.0615895
11,B0BDRVFDKP,4.4,1701324938.0615895
9,B0B5LVS732,4.1,1701324938.0615895
200,B08TV2P1N8,4.1,1701324938.0615895
114,B07XCM6T4N,4.3,1701324938.0615895
97,B07T5DKR5D,3.5,1701324938.0615895
36,B01DEWVZ2C,4.1,1701324938.0615895
36,B07PR1CL3S,4.1,1701324938.0615895
113,B09V12K8NT,3.9,1701324938.0615895
12,B07JQKQ91F,3.9,1701324938.0615895
81,B08W56G1K9,4.1,1701324938.0615895
54,B07WG8PDCW,4.0,1701324938.0615895
90,B01L8ZNWN2,4.2,1701324938.0615895
127,B009VCGPSY,4.3,1701324938.0615895
91,B0B296NTFV,4.1,1701324938.0615895
136,B09NVPSCQT,4.0,1701324938.0615895
19,B09YV4RG4D,4.2,1701324938.0615895
67,B07TCN5VR9,3.9,1701324938.0615895
145,B00ZYLMQH0,4.3,1701324938.0615895
35,B09YV4MW2T,4.2,1701324938.0615895
71,B01HJI0FS2,4.5,1701324938.0615895
134,B076B8G5D8,4.0,1701324938.0615895
133,B07JW9H4J1,4.2,1701324938.0615895
199,B014SZO90Y,4.5,1701324938.0615895
49,B07KCMR8D6,4.3,1701324938.0615895
135,B00N1U9AJS,3.9,1701324938.0615895
99,B07KY3FNQP,4.1,1701324938.0615895
115,B0B3N7LR6K,4.3,1701324938.0615895
76,B07QZ3CZ48,4.2,1701324938.0615895
91,B09T3H12GV,4.2,1701324938.0615895
58,B098NS6PVG,4.0,1701324938.0615895
43,B096MSW6CT,3.9,1701324938.0615895
28,B09ZQK9X8G,4.1,1701324938.0615895
16,B08ZJDWTJ1,4.5,1701324938.0615895
39,B08FTFXNNB,3.7,1701324938.0615895
196,B08YDFX7Y1,3.5,1701324938.0615895
144,B08HDJ86NZ,4.2,1701324938.0615895
172,B087FXHB6J,3.5,1701324938.0615895
124,B07N42JB4S,4.3,1701324938.0615895
53,B0B31BYXQQ,3.9,1701324938.0615895
97,B08CF3B7N1,4.2,1701324938.0615895
192,B07SLMR1K6,4.3,1701324938.0615895
15,B09MQSCJQ1,4.2,1701324938.0615895
93,B094YFFSMY,4.0,1701324938.0615895
79,B092X94QNQ,4.1,1701324938.0615895
152,B0846D5CBP,4.5,1701324938.0615895
11,B00KXULGJQ,4.2,1701324938.0615895
148,B08H9Z3XQW,4.1,1701324938.0615895
157,B08LPJZSSW,3.9,1701324938.0615895
176,B09MT84WV5,4.3,1701324938.0615895
126,B08Y1TFSP6,3.9,1701324938.0615895
121,B08CYPB15D,4.0,1701324938.0615895
96,B085HY1DGR,4.0,1701324938.0615895
143,B00MFPCY5C,3.5,1701324938.0615895
186,B07JJFSG2B,4.3,1701324938.0615895
190,B09NR6G588,3.8,1701324938.0615895
199,B07JPX9CR7,4.4,1701324938.0615895
176,B08D11DZ2W,3.7,1701324938.0615895
198,B07Q7561HD,4.4,1701324938.0615895
23,B0819HZPXL,4.4,1701324938.0615895
66,B00LXTFMRS,4.4,1701324938.0615895
131,B0B9LDCX89,4.2,1701324938.0615895
21,B0765B3TH7,4.5,1701324938.0615895
110,B0B1F6GQPS,3.8,1701324938.0615895
94,B07LG59NPV,3.8,1701324938.0615895
78,B07RD611Z8,4.1,1701324938.0615895
96,B08WRWPM22,4.1,1701324938.0615895
193,B00AXHBBXU,4.4,1701324938.0615895
95,B08MCD9JFY,3.8,1701324938.0615895
134,B083RCTXLL,4.2,1701324938.0615895
107,B08HLZ28QC,4.1,1701324938.0615895
51,B07GVR9TG7,4.4,1701324938.0615895
96,B0856HY85J,4.1,1701324938.0615895
73,B07CD2BN46,4.1,1701324938.0615895
123,B07PLHTTB4,3.5,1701324938.0615895
11,B077T3BG5L,3.6,1701324938.0615895
74,B08DDRGWTJ,4.3,1701324938.0615895
44,B079Y6JZC8,3.8,1701324938.0615895
21,B0856HNMR7,4.0,1701324938.0615895
63,B0B12K5BPM,3.9,1701324938.0615895
44,B08MTCKDYN,4.1,1701324938.0615895
162,B08CF3D7QR,4.3,1701324938.0615895
144,B00LVMTA2A,4.4,1701324938.0615895
155,B07TR5HSR9,4.3,1701324938.0615895
43,B0819ZZK5K,4.3,1701324938.0615895
70,B096VF5YYF,4.1,1701324938.0615895
157,B08QJJCY2Q,4.4,1701324938.0615895
181,B07L5L4GTB,4.4,1701324938.0615895
82,B07L8KNP5F,3.8,1701324938.0615895
160,B08CF4SCNP,3.8,1701324938.0615895
47,B09XX51X2G,4.0,1701324938.0615895
191,B01M72LILF,4.4,1701324938.0615895
121,B07KSMBL2H,4.4,1701324938.0615895
143,B00LZLQ624,4.5,1701324938.0615895
117,B07DJLFMPS,4.0,1701324938.0615895
106,B09GB5B4BK,4.0,1701324938.0615895
77,B015ZXUDD0,4.3,1701324938.0615895
181,B085DTN6R2,4.2,1701324938.0615895
89,B09PL79D2X,3.8,1701324938.0615895
151,B098K3H92Z,4.3,1701324938.0615895
130,B09KLVMZ3B,4.1,1701324938.0615895
49,B084PJSSQ1,4.3,1701324938.0615895
185,B097R25DP7,4.0,1701324938.0615895
14,B097C564GC,4.3,1701324938.0615895
175,B08CYNJ5KY,4.2,1701324938.0615895
174,B00Y4ORQ46,4.0,1701324938.0615895
52,B074CWD7MS,4.4,1701324938.0615895
16,B083342NKJ,4.4,1701324938.0615895
50,B09C6HXFC1,4.5,1701324938.0615895
119,B00A0VCJPI,4.2,1701324938.0615895
92,B00UGZWM2I,4.1,1701324938.0615895
156,B00R1P3B4O,4.5,1701324938.0615895
16,B0B3MWYCHQ,4.2,1701324938.0615895
66,B09DG9VNWB,4.3,1701324938.0615895
124,B09Y5MP7C4,3.9,1701324938.0615895
91,B01DJJVFPC,4.5,1701324938.0615895
95,B07DFYJRQV,4.1,1701324938.0615895
180,B08L879JSN,4.2,1701324938.0615895
3,B08TDJNM3G,3.8,1701324938.0615895
30,B06XSK3XL6,4.3,1701324938.0615895
114,B07YNTJ8ZM,3.9,1701324938.0615895
163,B09KGV7WSV,4.3,1701324938.0615895
136,B08DPLCM6T,4.3,1701324938.0615895
40,B07KR5P3YD,3.9,1701324938.0615895
178,B08FB2LNSZ,3.7,1701324938.0615895
192,B01IBRHE3E,4.2,1701324938.0615895
18,B01N6LU1VF,4.3,1701324938.0615895
11,B07XLML2YS,4.2,1701324938.0615895
80,B086WMSCN3,3.9,1701324938.0615895
43,B003B00484,4.3,1701324938.0615895
138,B085194JFL,3.7,1701324938.0615895
60,B09F6S8BT6,4.3,1701324938.0615895
23,B003L62T7W,4.3,1701324938.0615895
126,B09P18XVW6,3.9,1701324938.0615895
11,B00LZLPYHW,4.4,1701324938.0615895
132,B09NHVCHS9,4.0,1701324938.0615895
3,B00NNQMYNE,4.5,1701324938.0615895
192,B0B217Z5VK,3.9,1701324938.0615895
134,B07B88KQZ8,4.3,1701324938.0615895
30,B01M4GGIVU,4.2,1701324938.0615895
148,B07Z3K96FR,4.1,1701324938.0615895
29,B0756CLQWL,4.2,1701324938.0615895
70,B004IO5BMQ,4.5,1701324938.0615895
190,B09Z6WH2N1,4.2,1701324938.0615895
139,B01HGCLUH6,4.2,1701324938.0615895
39,B01N4EV2TL,4.3,1701324938.0615895
97,B08MZQBFLN,4.0,1701324938.0615895
99,B0752LL57V,4.5,1701324938.0615895
105,B08K4PSZ3V,3.8,1701324938.0615895
10,B09Z28BQZT,3.9,1701324938.0615895
151,B094DQWV9B,4.0,1701324938.0615895
132,B0BBMPH39N,4.1,1701324938.0615895
190,B097JQ1J5G,3.4,1701324938.0615895
95,B07YY1BY5B,4.0,1701324938.0615895
123,B08VRMK55F,3.4,1701324938.0615895
113,B08CHZ3ZQ7,4.3,1701324938.0615895
59,B08SCCG9D4,3.9,1701324938.0615895
84,B0972BQ2RS,4.1,1701324938.0615895
65,B00ZRBWPA0,4.3,1701324938.0615895
17,B0B2DD66GS,4.5,1701324938.0615895
161,B09M869Z5V,4.2,1701324938.0615895
122,B07W6VWZ8C,4.1,1701324938.0615895
134,B07Z1X6VFC,4.4,1701324938.0615895
2,B07YL54NVJ,4.3,1701324938.0615895
131,B0759QMF85,4.3,1701324938.0615895
199,B00LM4X0KU,4.3,1701324938.0615895
171,B08PFSZ7FH,4.2,1701324938.0615895
175,B012MQS060,4.1,1701324938.0615895
113,B01MF8MB65,4.1,1701324938.0615895
118,B00LHZWD0C,4.5,1701324938.0615895
72,B08QDPB1SL,4.4,1701324938.0615895
35,B07BRKK9JQ,4.3,1701324938.0615895
78,B01EZ0X3L8,4.3,1701324938.0615895
7,B00LM4W1N2,4.3,1701324938.0615895
188,B0949SBKMP,4.0,1701324938.0615895
8,B08YD264ZS,4.3,1701324938.0615895
179,B094JNXNPV,4.0,1701324938.0615895
21,B00GZLB57U,4.4,1701324938.0615895
17,B07V82W5CN,4.0,1701324938.0615895
46,B077Z65HSD,4.3,1701324938.0615895
79,B08HD7JQHX,3.3,1701324938.0615895
168,B0B31FR4Y2,3.7,1701324938.0615895
52,B09Y14JLP3,4.1,1701324938.0615895
188,B09ZHCJDP1,5.0,1701324938.0615895
153,B08C4Z69LN,4.5,1701324938.0615895
116,B016XVRKZM,3.9,1701324938.0615895
23,B00LHZW3XY,4.4,1701324938.0615895
128,B098JYT4SY,4.1,1701324938.0615895
148,B08CFCK6CW,3.6,1701324938.0615895
44,B09P564ZTJ,3.8,1701324938.0615895
64,B07MSLTW8Z,3.6,1701324938.0615895
160,B09N6TTHT6,4.2,1701324938.0615895
58,B09W5XR9RT,4.4,1701324938.0615895
190,B098R25TGC,3.8,1701324938.0615895
40,B0B2PQL5N3,4.2,1701324938.0615895
154,B07DKZCZ89,4.3,1701324938.0615895
163,B08GYG6T12,4.4,1701324938.0615895
123,B09BN2NPBD,4.1,1701324938.0615895
123,B00J4YG0PC,4.4,1701324938.0615895
0,B073BRXPZX,4.4,1701324938.0615895
21,B08LHTJTBB,4.4,1701324938.0615895
62,B07VTFN6HM,4.4,1701324938.0615895
177,B008QS9J6Y,4.3,1701324938.0615895
84,B09M8888DM,4.3,1701324938.0615895
99,B07Z1YVP72,4.3,1701324938.0615895
34,B082FTPRSK,4.2,1701324938.0615895
87,B09RF2QXGX,4.3,1701324938.0615895
147,B01KK0HU3Y,4.2,1701324938.0615895
58,B07JF9B592,3.8,1701324938.0615895
53,B086394NY5,4.3,1701324938.0615895
49,B00NH11PEY,4.5,1701324938.0615895
1,B017PDR9N0,4.1,1701324938.0615895
189,B07NC12T2R,4.2,1701324938.0615895
73,B07WKBD37W,4.0,1701324938.0615895
149,B08JMC1988,4.1,1701324938.0615895
149,B09GFN8WZL,4.1,1701324938.0615895
155,B095X38CJS,4.3,1701324938.0615895
124,B07ZKD8T1Q,4.5,1701324938.0615895
188,B07G3YNLJB,4.5,1701324938.0615895
135,B00P93X2H6,4.1,1701324938.0615895
76,B0798PJPCL,4.3,1701324938.0615895
129,B09GFWJDY1,3.6,1701324938.0615895
181,B09MZ6WZ6V,4.4,1701324938.0615895
200,B094QZLJQ6,4.5,1701324938.0615895
138,B07L3NDN24,3.9,1701324938.0615895
69,B08WD18LJZ,4.0,1701324938.0615895
21,B09CMM3VGK,4.0,1701324938.0615895
81,B06XDKWLJH,4.4,1701324938.0615895
126,B01J1CFO5I,4.6,1701324938.0615895
19,B07J2NGB69,4.4,1701324938.0615895
141,B00MUTWLW4,4.4,1701324938.0615895
86,B08QSC1XY8,4.3,1701324938.0615895
79,B017NC2IPM,4.3,1701324938.0615895
8,B00N1U7JXM,4.4,1701324938.0615895
5,B08HQL67D6,4.0,1701324938.0615895
127,B09RKFBCV7,4.2,1701324938.0615895
195,B08KHM9VBJ,3.8,1701324938.0615895
61,B01IOZUHRS,4.1,1701324938.0615895
84,B00CEQEGPI,4.2,1701324938.0615895
148,B08B6XWQ1C,4.2,1701324938.0615895
101,B01DGVKBC6,4.4,1701324938.0615895
40,B008FWZGSG,4.3,1701324938.0615895
121,B08JD36C6H,4.1,1701324938.0615895
112,B00E3DVQFS,4.4,1701324938.0615895
103,B0B4HJNPV4,3.9,1701324938.0615895
119,B00BN5SNF0,3.9,1701324938.0615895
46,B09SGGRKV8,3.6,1701324938.0615895
12,B07XLCFSSN,4.4,1701324938.0615895
197,B09RZS1NQT,4.0,1701324938.0615895
7,B084BR3QX8,3.5,1701324938.0615895
12,B09VC2D2WG,4.1,1701324938.0615895
14,B09163Q5CD,4.1,1701324938.0615895
84,B08K9PX15C,4.0,1701324938.0615895
26,B083RD1J99,4.1,1701324938.0615895
8,B09Z7YGV3R,4.0,1701324938.0615895
114,B00N3XLDW0,3.8,1701324938.062592
5,B07Z53L5QL,4.3,1701324938.062592
186,B00P93X0VO,4.2,1701324938.062592
128,B07SBGFDX9,4.1,1701324938.062592
36,B09C6HWG18,4.2,1701324938.062592
55,B00NH11KIK,4.5,1701324938.062592
36,B07X2L5Z8C,4.6,1701324938.062592
150,B00VA7YYUO,4.3,1701324938.062592
166,B07L9FW9GF,4.0,1701324938.062592
127,B08D64C9FN,4.2,1701324938.062592
159,B07XJYYH7L,3.3,1701324938.062592
91,B00LOD70SC,4.3,1701324938.062592
99,B09X76VL5L,3.7,1701324938.062592
79,B091JF2TFD,3.9,1701324938.062592
25,B07S7DCJKS,4.3,1701324938.062592
149,B09NC2TY11,4.1,1701324938.062592
104,B0BDS8MY8J,4.2,1701324938.062592
46,B09X7DY7Q4,4.5,1701324938.062592
145,B09YV575RK,4.0,1701324938.062592
194,B08LW31NQ6,4.5,1701324938.062592
19,B09ND94ZRG,3.5,1701324938.062592
190,B00P93X6EK,4.5,1701324938.062592
5,B07KRCW6LZ,4.3,1701324938.062592
127,B0994GP1CX,3.3,1701324938.062592
146,B07H8W9PB6,4.1,1701324938.062592
101,B09NNHFSSF,3.8,1701324938.062592
120,B08D9NDZ1Y,3.5,1701324938.062592
159,B0085IATT6,4.1,1701324938.062592
146,B08WJ86PV2,4.5,1701324938.062592
120,B078HRR1XV,4.4,1701324938.062592
155,B09P22HXH6,4.1,1701324938.062592
27,B00LM4X3XE,4.3,1701324938.062592
136,B09YLFHFDW,3.6,1701324938.062592
179,B07YWS9SP9,4.0,1701324938.062592
198,B002PD61Y4,4.1,1701324938.062592
125,B08WLY8V9S,4.5,1701324938.062592
117,B0873L7J6X,4.2,1701324938.062592
74,B07YNHCW6N,4.3,1701324938.062592
34,B07232M876,4.2,1701324938.062592
105,B01MQ2A86A,4.6,1701324938.062592
44,B00KIE28X0,4.5,1701324938.062592
185,B08BQ947H3,4.3,1701324938.062592
26,B0BHYJ8CVF,4.1,1701324938.062592
16,B0BCVJ3PVP,4.5,1701324938.062592
43,B0B2931FCV,3.5,1701324938.062592
15,B09TMZ1MF8,4.4,1701324938.062592
179,B07VV37FT4,4.2,1701324938.062592
200,B07P681N66,4.4,1701324938.062592
139,B07JB2Y4SR,4.4,1701324938.062592
68,B08KRMK9LZ,4.2,1701324938.062592
19,B08LT9BMPP,4.5,1701324938.062592
92,B082T6V3DT,4.3,1701324938.062592
193,B0814ZY6FP,3.8,1701324938.062592
157,B09F3PDDRF,3.9,1701324938.062592
156,B07X963JNS,4.0,1701324938.062592
178,B09LD3116F,4.1,1701324938.062592
19,B08Y5QJTVK,4.4,1701324938.062592
143,B00LY1FN1K,4.4,1701324938.062592
88,B07DJ5KYDZ,4.4,1701324938.062592
191,B009LJ2BXA,3.5,1701324938.062592
131,B09BVCVTBC,4.5,1701324938.062592
98,B0BFWGBX61,4.1,1701324938.062592
47,B07SY4C3TD,4.4,1701324938.062592
110,B094JB13XL,4.1,1701324938.062592
46,B08CRRQK6Z,4.2,1701324938.062592
125,B08MTLLSL8,4.2,1701324938.062592
143,B08Y57TPDM,4.3,1701324938.062592
77,B09CYTJV3N,4.3,1701324938.062592
2,B07GLNJC25,3.7,1701324938.062592
78,B08FY4FG5X,3.9,1701324938.062592
46,B07TMCXRFV,4.5,1701324938.062592
27,B01FSYQ2A4,4.1,1701324938.062592
8,B00LZPQVMK,4.0,1701324938.062592
154,B08X77LM8C,3.8,1701324938.062592
51,B01EJ5MM5M,3.4,1701324938.062592
52,B08J82K4GX,4.3,1701324938.062592
53,B07Z1Z77ZZ,4.3,1701324938.062592
33,B00DJ5N9VK,4.3,1701324938.062592
179,B0B4DT8MKT,4.2,1701324938.062592
200,B08FGNPQ9X,4.1,1701324938.062592
119,B07NTKGW45,4.0,1701324938.062592
90,B08CDKQ8T6,4.3,1701324938.062592
160,B08J4PL1Z3,4.0,1701324938.062592
184,B07XJWTYM2,4.1,1701324938.062592
159,B09939XJX8,4.0,1701324938.062592
175,B09MDCZJXS,3.8,1701324938.062592
168,B08CTQP51L,4.2,1701324938.062592
195,B0BG62HMDJ,4.3,1701324938.062592
103,B08GTYFC37,4.4,1701324938.062592
127,B08SBH499M,4.1,1701324938.062592
120,B08FYB5HHK,4.5,1701324938.062592
102,B0994GFWBH,4.0,1701324938.062592
139,B0B5GJRTHB,4.2,1701324938.062592
116,B09GBBJV72,3.9,1701324938.062592
110,B07P434WJY,4.3,1701324938.062592
179,B07T9FV9YP,4.0,1701324938.062592
68,B01GGKZ0V6,4.2,1701324938.062592
160,B08WKFSN84,4.3,1701324938.062592
193,B09TBCVJS3,4.2,1701324938.062592
44,B08TR61BVK,4.2,1701324938.062592
187,B0B2CPVXHX,4.1,1701324938.062592
184,B08XNL93PL,4.3,1701324938.062592
199,B088GXTJM3,4.3,1701324938.062592
184,B099S26HWG,4.2,1701324938.062592
149,B08461VC1Z,4.5,1701324938.062592
2,B00K32PEW4,4.4,1701324938.062592
147,B09F9YQQ7B,4.2,1701324938.062592
172,B07LFWP97N,4.1,1701324938.062592
101,B0746N6WML,4.3,1701324938.062592
75,B07W9KYT62,4.4,1701324938.062592
12,B0B5ZF3NRK,4.1,1701324938.062592
25,B08D9MNH4B,3.6,1701324938.062592
135,B078G6ZF5Z,4.0,1701324938.062592
6,B09MKG4ZCM,4.0,1701324938.062592
46,B07RZZ1QSW,4.4,1701324938.062592
108,B08BCKN299,3.9,1701324938.062592
99,B07222HQKP,4.3,1701324938.062592
68,B00NFD0ETQ,4.6,1701324938.062592
95,B075DB1F13,4.4,1701324938.062592
82,B0148NPH9I,4.5,1701324938.062592
90,B01JOFKL0A,3.9,1701324938.062592
192,B09Q8HMKZX,4.1,1701324938.062592
13,B079S811J3,4.3,1701324938.062592
183,B0083T231O,4.5,1701324938.062592
44,B086PXQ2R4,4.5,1701324938.062592
51,B07L1N3TJX,3.6,1701324938.062592
115,B07YFWVRCM,4.1,1701324938.062592
61,B01GGKYKQM,4.3,1701324938.062592
5,B08TDJ5BVF,3.8,1701324938.062592
14,B09XXZXQC1,4.6,1701324938.062592
155,B083T5G5PM,4.1,1701324938.062592
25,B0BHVPTM2C,4.0,1701324938.062592
106,B0B86CDHL1,4.5,1701324938.062592
155,B01NBX5RSB,4.3,1701324938.062592
168,B08MWJTST6,4.0,1701324938.062592
116,B07R99NBVB,4.5,1701324938.062592
177,B08R69VDHT,4.0,1701324938.062592
84,B00LY12TH6,4.5,1701324938.062592
90,B09RWZRCP1,4.1,1701324938.062592
129,B08497Z1MQ,4.3,1701324938.062592
132,B07KNM95JK,4.1,1701324938.062592
21,B09Q3M3WLJ,4.0,1701324938.062592
57,B09B9SPC7F,4.1,1701324938.062592
22,B09CMP1SC8,4.1,1701324938.062592
14,B099SD8PRP,4.4,1701324938.062592
64,B09YLXYP7Y,4.0,1701324938.062592
197,B00S2SEV7K,4.1,1701324938.062592
182,B08WKCTFF3,4.4,1701324938.062592
32,B08498D67S,4.3,1701324938.062592
136,B00C3GBCIS,4.2,1701324938.062592
117,B00URH5E34,3.6,1701324938.062592
102,B00EYW1U68,4.2,1701324938.062592
20,B08SMJT55F,4.2,1701324938.062592
11,B0B2DJDCPX,3.9,1701324938.062592
53,B08Y7MXFMK,4.2,1701324938.062592
41,B086Q3QMFS,4.5,1701324938.062592
121,B08498H13H,4.3,1701324938.062592
188,B07LFQLKFZ,4.2,1701324938.062592
63,B00LY17RHI,4.1,1701324938.062592
175,B07W14CHV8,4.1,1701324938.062592
32,B0B9BXKBC7,4.6,1701324938.062592
100,B09F5Z694W,3.8,1701324938.062592
150,B0B25LQQPC,4.3,1701324938.062592
169,B07GVGTSLN,4.2,1701324938.062592
164,B01LYLJ99X,4.2,1701324938.062592
144,B014SZPBM4,4.4,1701324938.062592
79,B08CZHGHKH,3.9,1701324938.062592
36,B0B2RBP83P,4.0,1701324938.062592
146,B078W65FJ7,4.2,1701324938.062592
1,B08S74GTBT,3.7,1701324938.062592
167,B0B9BD2YL4,4.5,1701324938.062592
0,B0BMXMLSMM,4.5,1701324938.062592
35,B0141EZMAI,3.6,1701324938.062592
98,B07QMRHWJD,4.3,1701324938.062592
73,B07W7Z6DVL,4.1,1701324938.062592
49,B07WMS7TWB,3.9,1701324938.062592
118,B00H47GVGY,3.6,1701324938.062592
117,B07VX71FZP,4.0,1701324938.062592
195,B07NCKMXVZ,4.1,1701324938.062592
109,B0B61DSF17,3.7,1701324938.062592
39,B07VQGVL68,3.9,1701324938.062592
45,B01LWYDEQ7,4.1,1701324938.062592
86,B07VNFP3C2,3.9,1701324938.062592
48,B00LUGTJGO,3.9,1701324938.062592
54,B01MQZ7J8K,3.9,1701324938.062592
97,B01GFTEV5Y,3.8,1701324938.062592
58,B00NW4UWN6,3.8,1701324938.062592
52,B01NCVJMKX,4.1,1701324938.062592
172,B00O24PUO6,4.1,1701324938.062592
190,B07GXPDLYQ,3.3,1701324938.062592
168,B01C8P29N0,4.2,1701324938.062592
101,B08KDBLMQP,4.0,1701324938.062592
163,B078JDNZJ8,4.3,1701324938.062592
17,B01M5F614J,4.0,1701324938.062592
191,B083GKDRKR,4.5,1701324938.062592
18,B097R2V1W8,4.1,1701324938.062592
78,B07YR26BJ3,4.0,1701324938.062592
87,B097R45BH8,4.2,1701324938.062592
151,B09X5C9VLK,3.8,1701324938.062592
135,B01C8P29T4,4.2,1701324938.062592
64,B00HVXS7WC,4.2,1701324938.062592
133,B096YCN3SD,3.6,1701324938.062592
80,B09LQH3SD9,3.8,1701324938.062592
94,B09KNMLH4Y,4.1,1701324938.062592
48,B00ABMASXG,4.1,1701324938.062592
139,B07QDSN9V6,4.1,1701324938.062592
85,B00YMJ0OI8,4.1,1701324938.062592
57,B0B8XNPQPN,4.2,1701324938.062592
192,B0814P4L98,4.0,1701324938.062592
133,B008QTK47Q,4.3,1701324938.062592
166,B088ZTJT2R,4.2,1701324938.062592
163,B0BK1K598K,4.2,1701324938.062592
67,B09Y5FZK9N,3.7,1701324938.062592
92,B09J2SCVQT,4.1,1701324938.062592
125,B00TDD0YM4,4.4,1701324938.062592
13,B078KRFWQB,3.8,1701324938.062592
10,B07SRM58TP,4.0,1701324938.062592
33,B00EDJJ7FS,4.2,1701324938.062592
0,B0832W3B7Q,3.8,1701324938.062592
45,B07WNK1FFN,4.2,1701324938.062592
43,B009P2LK08,4.0,1701324938.062592
0,B07DGD4Z4C,3.9,1701324938.062592
41,B07GMFY9QM,4.3,1701324938.062592
8,B0BGPN4GGH,3.8,1701324938.062592
196,B0B2DZ5S6R,4.0,1701324938.062592
30,B07S851WX5,4.2,1701324938.062592
50,B01MY839VW,4.2,1701324938.062592
39,B09LV1CMGH,3.6,1701324938.062592
27,B01EY310UM,4.3,1701324938.062592
102,B09NL7LBWT,4.0,1701324938.062592
43,B008YW8M0G,4.2,1701324938.062592
32,B097R3XH9R,4.1,1701324938.062592
178,B08TM71L54,4.0,1701324938.062592
131,B0BPBXNQQT,4.3,1701324938.062592
95,B00W56GLOQ,4.0,1701324938.062592
21,B0883KDSXC,3.9,1701324938.062592
157,B078V8R9BS,4.2,1701324938.062592
151,B08GSQXLJ2,4.1,1701324938.062592
103,B01M5B0TPW,4.4,1701324938.062592
23,B082KVTRW8,4.0,1701324938.062592
49,B08CFJBZRK,3.8,1701324938.062592
91,B07H3WDC4X,4.0,1701324938.062592
181,B09ZTZ9N3Q,3.1,1701324938.062592
58,B083P71WKK,4.3,1701324938.062592
154,B097R4D42G,4.2,1701324938.062592
155,B07MKMFKPG,4.4,1701324938.062592
170,B0949FPSFY,4.1,1701324938.062592
71,B08F47T4X5,4.2,1701324938.062592
90,B01M0505SJ,4.1,1701324938.062592
93,B08D6RCM3Q,4.1,1701324938.062592
32,B009P2LITG,4.1,1701324938.062592
180,B00V9NHDI4,3.9,1701324938.062592
137,B07WGPBXY9,3.9,1701324938.062592
128,B00KRCBA6E,3.8,1701324938.062592
127,B0B3X2BY3M,4.0,1701324938.062592
48,B00F159RIK,4.2,1701324938.062592
164,B08MV82R99,4.1,1701324938.062592
58,B09VKWGZD7,4.3,1701324938.062592
23,B009P2LK80,3.7,1701324938.062592
136,B00A7PLVU6,4.2,1701324938.062592
61,B0B25DJ352,4.3,1701324938.062592
58,B013B2WGT6,4.3,1701324938.062592
103,B097RJ867P,4.4,1701324938.062592
139,B091V8HK8Z,3.8,1701324938.062592
12,B071VNHMX2,4.5,1701324938.062592
113,B08MVSGXMY,3.8,1701324938.062592
7,B00H0B29DI,3.8,1701324938.062592
11,B01GZSQJPA,4.1,1701324938.062592
176,B08VGFX2B6,4.1,1701324938.062592
3,B09GYBZPHF,3.8,1701324938.062592
94,B0B4KPCBSH,3.3,1701324938.062592
65,B09CGLY5CX,4.0,1701324938.062592
156,B09JN37WBX,4.6,1701324938.062592
77,B01I1LDZGA,3.9,1701324938.062592
147,B0BN2576GQ,3.7,1701324938.062592
115,B06XPYRWV5,4.2,1701324938.062592
46,B01N1XVVLC,4.1,1701324938.062592
7,B00O2R38C4,4.1,1701324938.062592
171,B0B2CZTCL2,3.8,1701324938.062592
166,B00PVT30YI,4.1,1701324938.062592
32,B00SH18114,4.6,1701324938.062592
196,B00E9G8KOY,4.1,1701324938.062592
36,B00H3H03Q4,4.2,1701324938.062592
165,B0756K5DYZ,3.9,1701324938.062592
33,B0188KPKB2,4.1,1701324938.062592
54,B091KNVNS9,4.1,1701324938.062592
135,B075JJ5NQC,4.0,1701324938.062592
6,B0B5KZ3C53,3.7,1701324938.062592
198,B09NTHQRW3,4.1,1701324938.062592
99,B008YW3CYM,4.1,1701324938.062592
84,B07QHHCB27,4.1,1701324938.062592
167,B0BMFD94VD,3.3,1701324938.062592
13,B00HZIOGXW,4.1,1701324938.062592
177,B09CKSYBLR,4.1,1701324938.062592
94,B072J83V9W,4.4,1701324938.062592
131,B09MTLG4TP,4.3,1701324938.062592
39,B097XJQZ8H,4.1,1701324938.062592
120,B00935MD1C,3.7,1701324938.062592
91,B0BR4F878Q,4.8,1701324938.062592
58,B0B3G5XZN5,4.5,1701324938.062592
133,B07WKB69RS,4.0,1701324938.062592
103,B09DL9978Y,4.1,1701324938.062592
19,B06XMZV7RH,3.9,1701324938.062592
184,B09WMTJPG7,4.1,1701324938.062592
161,B09ZK6THRR,4.2,1701324938.062592
33,B07MP21WJD,4.1,1701324938.062592
107,B09XB1R2F3,3.5,1701324938.062592
109,B08Y5QJXSR,4.3,1701324938.062592
46,B07WJXCTG9,3.9,1701324938.062592
6,B09NBZ36F7,4.2,1701324938.062592
48,B0912WJ87V,3.8,1701324938.062592
163,B0BMTZ4T1D,4.5,1701324938.062592
112,B07Z51CGGH,3.8,1701324938.062592
118,B0BDG6QDYD,4.1,1701324938.062592
88,B00YQLG7GK,4.2,1701324938.062592
168,B00SMJPA9C,4.1,1701324938.062592
196,B0B9RN5X8B,4.2,1701324938.062592
84,B08QW937WV,4.5,1701324938.062592
164,B0B4PPD89B,4.0,1701324938.062592
1,B08GM5S4CQ,4.4,1701324938.062592
66,B00NM6MO26,4.0,1701324938.062592
192,B083M7WPZD,4.0,1701324938.062592
67,B07GLSKXS1,3.9,1701324938.062592
66,B09F6KL23R,4.0,1701324938.062592
131,B094G9L9LT,3.8,1701324938.062592
69,B09FZ89DK6,4.2,1701324938.062592
28,B0811VCGL5,4.3,1701324938.062592
51,B07FXLC2G2,4.2,1701324938.062592
16,B01LYU3BZF,4.3,1701324938.062592
146,B083RC4WFJ,4.2,1701324938.062592
34,B09SFRNKSR,4.4,1701324938.062592
145,B07NRTCDS5,3.8,1701324938.062592
84,B07SPVMSC6,4.1,1701324938.062592
147,B09H3BXWTK,3.9,1701324938.062592
195,B0073QGKAS,4.3,1701324938.062592
128,B08GJ57MKL,4.4,1701324938.062592
191,B009DA69W6,3.6,1701324938.062592
91,B099PR2GQJ,3.8,1701324938.062592
140,B08G8H8DPL,4.0,1701324938.062592
93,B08VGM3YMF,4.1,1701324938.062592
144,B08TTRVWKY,4.3,1701324938.062592
189,B07T4D9FNY,4.0,1701324938.062592
34,B07RX42D3D,3.9,1701324938.062592
132,B08WRKSF9D,4.4,1701324938.062592
115,B09R83SFYV,3.7,1701324938.062592
89,B07989VV5K,3.6,1701324938.062592
131,B07FL3WRX5,3.7,1701324938.062592
27,B0BPCJM7TB,4.0,1701324938.062592
147,B08H673XKN,4.2,1701324938.062592
14,B07DXRGWDJ,3.8,1701324938.062592
108,B08243SKCK,4.2,1701324938.062592
156,B09SPTNG58,3.9,1701324938.062592
127,B083J64CBB,4.0,1701324938.062592
68,B08JV91JTK,4.1,1701324938.062592
196,B0BQ3K23Y1,4.8,1701324938.062592
133,B09MT94QLL,4.2,1701324938.062592
129,B07NKNBTT3,4.1,1701324938.062592
157,B09KPXTZXN,4.0,1701324938.062592
7,B078HG2ZPS,3.9,1701324938.062592
23,B07N2MGB3G,4.1,1701324938.062592
81,B008LN8KDM,4.3,1701324938.062592
41,B08MZNT7GP,4.1,1701324938.062592
148,B009P2L7CO,4.2,1701324938.062592
68,B07YC8JHMB,3.9,1701324938.062592
186,B0BNQMF152,3.7,1701324938.062592
145,B08J7VCT12,4.1,1701324938.062592
3,B0989W6J2F,4.0,1701324938.062592
4,B0B84KSH3X,3.8,1701324938.062592
15,B08HLC7Z3G,4.2,1701324938.062592
18,B0BN6M3TCM,4.6,1701324938.062592
46,B01L6MT7E0,4.1,1701324938.062592
89,B0B9F9PT8R,3.3,1701324938.062592
100,B0883LQJ6B,4.2,1701324938.062592
66,B099Z83VRC,4.3,1701324938.062592
69,B00S9BSJC8,4.3,1701324938.062592
123,B0B4SJKRDF,4.3,1701324938.062592
152,B0BM4KTNL1,4.7,1701324938.062592
95,B08S6RKT4L,4.4,1701324938.062592
67,B09SZ5TWHW,3.9,1701324938.062592
142,B0BLC2BYPX,4.7,1701324938.062592
191,B00P0R95EA,4.1,1701324938.062592
79,B07W4HTS8Q,3.8,1701324938.062592
70,B078JBK4GX,4.4,1701324938.062592
191,B08S7V8YTN,4.3,1701324938.062592
33,B07H5PBN54,3.4,1701324938.062592
123,B07YCBSCYB,4.2,1701324938.062592
44,B098T9CJVQ,3.7,1701324938.062592
130,B01KCSGBU2,4.3,1701324938.062592
43,B095XCRDQW,4.3,1701324938.062592
90,B09CTWFV5W,4.4,1701324938.062592
164,B0B7NWGXS6,4.1,1701324938.062592
62,B07DZ986Q2,4.0,1701324938.062592
54,B07KKJPTWB,4.4,1701324938.062592
162,B071R3LHFM,3.8,1701324938.062592
84,B086X18Q71,4.3,1701324938.062592
198,B07WVQG8WZ,3.8,1701324938.062592
101,B0BFBNXS94,2.3,1701324938.062592
180,B071113J7M,4.5,1701324938.062592
47,B09YLWT89W,4.0,1701324938.062592
65,B0814LP6S9,3.7,1701324938.062592
179,B07BKSSDR2,4.0,1701324938.062592
146,B09VGS66FV,4.4,1701324938.062592
158,B07RCGTZ4M,4.1,1701324938.062592
83,B0747VDH9L,4.4,1701324938.062592
5,B08XLR6DSB,3.1,1701324938.062592
93,B08H6CZSHT,4.3,1701324938.062592
72,B07CVR2L5K,4.4,1701324938.062592
171,B09J4YQYX3,4.4,1701324938.062592
110,B0B2DD8BQ8,4.1,1701324938.062592
100,B0123P3PWE,4.1,1701324938.062592
90,B08HDCWDXD,4.0,1701324938.062592
64,B0836JGZ74,3.6,1701324938.062592
97,B0BCKJJN8R,3.9,1701324938.062592
50,B008P7IF02,3.9,1701324938.062592
167,B08CNLYKW5,3.8,1701324938.062592
131,B08C7TYHPB,4.1,1701324938.062592
39,B08VJFYH6N,4.1,1701324938.062592
172,B08235JZFB,4.1,1701324938.062592
104,B078XFKBZL,3.8,1701324938.062592
174,B01M265AAK,4.3,1701324938.062592
98,B0B694PXQJ,4.5,1701324938.062592
183,B00B3VFJY2,4.2,1701324938.062592
55,B08W9BK4MD,3.9,1701324938.062592
85,B09X5HD5T1,3.5,1701324938.062592
101,B08H6B3G96,4.3,1701324938.062592
26,B09N3BFP4M,3.9,1701324938.062592
172,B09DSQXCM8,3.9,1701324938.062592
96,B01M69WCZ6,4.0,1701324938.062592
55,B0BM9H2NY9,4.7,1701324938.062592
83,B099FDW2ZF,4.1,1701324938.062592
170,B0B935YNR7,3.8,1701324938.062592
157,B07JGCGNDG,4.1,1701324938.062592
159,B08L12N5H1,0.0,1701324938.062592
171,B07GWTWFS2,4.1,1701324938.062592
156,B09KRHXTLN,3.9,1701324938.062592
97,B09H34V36W,3.8,1701324938.062592
60,B09J2QCKKM,4.1,1701324938.062592
31,B09XRBJ94N,4.3,1701324938.062592
168,B07SLNG3LW,3.9,1701324938.062592
58,B0BNDGL26T,2.8,1701324938.062592
128,B095PWLLY6,4.0,1701324938.062592
89,B07Y9PY6Y1,4.5,1701324938.062592
104,B0BJ966M5K,4.6,1701324938.062592
125,B086GVRP63,4.1,1701324938.062592
188,B08MVXPTDG,4.1,1701324938.062592
180,B0BMZ6SY89,3.4,1701324938.062592
69,B09P1MFKG1,4.6,1701324938.062592
29,B01LY9W8AF,4.2,1701324938.062592
82,B07ZJND9B9,3.9,1701324938.062592
126,B0B2CWRDB1,4.2,1701324938.062592
138,B072NCN9M4,4.2,1701324938.062592
121,B08SKZ2RMG,4.1,1701324938.062592
67,B0B53DS4TF,4.8,1701324938.062592
91,B08BJN4MP3,4.4,1701324938.062592
81,B0BCYQY9X5,4.3,1701324938.062592
151,B009UORDX4,4.3,1701324938.062592
57,B08VGDBF3B,4.0,1701324938.062592
0,B012ELCYUG,4.3,1701324938.062592
146,B07S9M8YTY,4.0,1701324938.062592
88,B0B19VJXQZ,4.4,1701324938.062592
110,B00SMFPJG0,4.1,1701324938.062592
106,B0BHYLCL19,3.6,1701324938.062592
167,B0BPJBTB3F,2.0,1701324938.062592
45,B08MXJYB2V,4.0,1701324938.062592
173,B081B1JL35,3.7,1701324938.062592
91,B09VL9KFDB,3.8,1701324938.062592
101,B0B1MDZV9C,3.9,1701324938.062592
26,B08TT63N58,3.1,1701324938.062592
125,B08YK7BBD2,3.0,1701324938.062592
98,B07YQ5SN4H,4.0,1701324938.062592
111,B0B7FJNSZR,4.4,1701324938.062592
26,B01N6IJG0F,4.1,1701324938.062592
154,B0B84QN4CN,3.6,1701324938.062592
14,B0B8ZM9RVV,4.4,1701324938.062592
21,B01892MIPA,4.2,1701324938.062592
155,B08ZHYNTM1,4.3,1701324938.062592
22,B09SDDQQKP,3.8,1701324938.062592
19,B0B5RP43VN,4.1,1701324938.062592
137,B096NTB9XT,4.0,1701324938.062592
16,B078JF6X9B,4.2,1701324938.062592
159,B08CGW4GYR,3.6,1701324938.062592
102,B00A328ENA,4.2,1701324938.062592
85,B0763K5HLQ,4.1,1701324938.062592
6,B09PDZNSBG,4.2,1701324938.062592
54,B085LPT5F4,3.9,1701324938.062592
90,B0B9RZ4G4W,4.0,1701324938.062592
34,B0085W2MUQ,4.2,1701324938.062592
117,B09474JWN6,4.2,1701324938.062592
107,B09G2VTHQM,4.1,1701324938.062592
2,B07R679HTT,4.4,1701324938.062592
62,B00B7GKXMG,4.1,1701324938.062592
35,B07H3N8RJH,4.2,1701324938.062592
13,B07K2HVKLL,4.1,1701324938.062592
153,B09MQ9PDHR,3.9,1701324938.062592
96,B014HDJ7ZE,3.9,1701324938.062592
44,B07D2NMTTV,4.2,1701324938.062592
96,B075K76YW1,4.2,1701324938.062592
110,B0BNLFQDG2,3.7,1701324938.062592
126,B082ZQ4479,3.7,1701324938.062592
151,B09Y358DZQ,3.4,1701324938.062592
106,B09M3F4HGB,4.2,1701324938.062592
149,B07VZH6ZBB,4.0,1701324938.062592
27,B07F366Z51,4.1,1701324938.062592
180,B077BTLQ67,3.9,1701324938.062592
69,B07YSJ7FF1,4.0,1701324938.062592
70,B07TXCY3YK,3.9,1701324938.062592
114,B07TC9F7PN,4.2,1701324938.062592
14,B09NS5TKPN,4.3,1701324938.062592
30,B00LP9RFSU,4.0,1701324938.062592
155,B0B7L86YCB,2.6,1701324938.062592
105,B09VPH38JS,3.8,1701324938.062592
140,B01MUAUOCX,4.5,1701324938.062592
192,B09MB3DKG1,3.5,1701324938.062592
83,B08QHLXWV3,3.9,1701324938.062592
10,B07G147SZD,4.0,1701324938.062592
94,B09LH32678,4.0,1701324938.062592
197,B09R1YFL6S,3.5,1701324938.062592
141,B07Q4NJQC5,4.0,1701324938.062592
106,B097RN7BBK,3.4,1701324938.062592
169,B097MKZHNV,4.2,1701324938.062592
101,B07LG96SDB,3.8,1701324938.062592
9,B08KS2KQTK,4.1,1701324938.062592
144,B095K14P86,4.2,1701324938.062592
172,B08K36NZSV,4.3,1701324938.062592
139,B07LDPLSZC,4.2,1701324938.062592
108,B07F1T31ZZ,4.1,1701324938.062592
76,B0BNDRK886,3.9,1701324938.062592
91,B09ZVJXN5L,3.3,1701324938.062592
50,B08JKPVDKL,4.3,1701324938.062592
94,B09JFR8H3Q,3.9,1701324938.062592
72,B07LDN9Q2P,4.3,1701324938.062592
100,B08T8KWNQ9,3.6,1701324938.062592
12,B07Y1RCCW5,3.8,1701324938.062592
129,B0762HXMTF,3.9,1701324938.062592
70,B00K57MR22,4.6,1701324938.062592
196,B07TTSS5MP,3.8,1701324938.062592
63,B09ZDVL7L8,3.9,1701324938.062592
38,B09XHXXCFH,4.1,1701324938.062592
75,B0BL3R4RGS,3.6,1701324938.062592
193,B07P1BR7L8,4.4,1701324938.062592
145,B078WB1VWJ,4.3,1701324938.062592
97,B0BP89YBC1,4.7,1701324938.062592
50,B09W9V2PXG,4.3,1701324938.062592
120,B09XTQFFCG,3.9,1701324938.062592
51,B08LVVTGZK,3.9,1701324938.062592
28,B07J2BQZD6,3.7,1701324938.062592
187,B07HK53XM4,3.5,1701324938.062592
114,B08RDWBYCQ,4.0,1701324938.062592
126,B09FHHTL8L,4.1,1701324938.062592
61,B0BHNHMR3H,3.9,1701324938.062592
145,B07D8VBYB4,4.4,1701324938.062592
195,B0B3TBY2YX,4.3,1701324938.062592
164,B088WCFPQF,4.5,1701324938.062592
155,B07JZSG42Y,4.0,1701324938.062592
124,B08YRMBK9R,3.9,1701324938.062592
138,B00935MGHS,4.2,1701324938.062592
74,B07B5XJ572,4.1,1701324938.062592
159,B086199CWG,3.7,1701324938.062592
11,B0BBWJFK5C,4.1,1701324938.062592
156,B07GLS2563,4.2,1701324938.062592
25,B09P182Z2H,4.3,1701324938.062592
52,B0B59K1C8F,3.6,1701324938.062592
193,B06Y36JKC3,4.1,1701324938.062592
146,B075S9FVRY,4.5,1701324938.062592
99,B08SJVD8QD,4.2,1701324938.062592
33,B07FJNNZCJ,4.3,1701324938.062592
63,B09MFR93KS,4.0,1701324938.062592
136,B07Y5FDPKV,4.2,1701324938.062592
36,B0756KCV5K,4.2,1701324938.062592
176,B0BJ6P3LSK,4.5,1701324938.062592
50,B09HS1NDRQ,3.8,1701324938.062592
13,B018SJJ0GE,4.4,1701324938.062592
22,B09FPP3R1D,4.1,1701324938.062592
156,B01F7B2JCI,4.2,1701324938.062592
169,B09NNZ1GF7,4.3,1701324938.062592
4,B01CS4A5V4,4.1,1701324938.062592
48,B0BL11S5QK,4.2,1701324938.062592
44,B09BL2KHQW,4.1,1701324938.062592
42,B081RLM75M,3.9,1701324938.062592
60,B07SYYVP69,3.9,1701324938.062592
69,B0BDZWMGZ1,3.8,1701324938.062592
45,B078JT7LTD,4.6,1701324938.062592
89,B09WF4Q7B3,3.6,1701324938.062592
58,B092R48XXB,4.1,1701324938.062592
176,B00KIDSU8S,4.2,1701324938.062592
160,B0977CGNJJ,4.3,1701324938.062592
99,B08WWKM5HQ,3.9,1701324938.062592
198,B015GX9Y0W,3.9,1701324938.062592
136,B089BDBDGM,4.0,1701324938.062592
21,B0BPBG712X,4.4,1701324938.062592
35,B00JBNZPFM,4.2,1701324938.062592
184,B08N6P8G5K,4.5,1701324938.062592
61,B07NPBG1B4,4.1,1701324938.062592
5,B01MRARGBW,4.1,1701324938.062592
32,B07VZYMQNZ,4.2,1701324938.062592
85,B01L7C4IU2,4.2,1701324938.062592
170,B09H7JDJCW,4.0,1701324938.062592
185,B07F6GXNPB,4.3,1701324938.062592
64,B0B97D658R,3.6,1701324938.062592
58,B09NFSHCWN,3.5,1701324938.062592
176,B076VQS87V,4.3,1701324938.062592
171,B09LMMFW3S,3.6,1701324938.062592
36,B0BBLHTRM9,2.9,1701324938.062592
132,B0BJYSCWFQ,4.2,1701324938.062592
45,B0187F2IOK,4.4,1701324938.062592
8,B0B8CB7MHW,4.1,1701324938.062592
93,B07K19NYZ8,3.8,1701324938.062592
0,B08ZXZ362Z,3.5,1701324938.062592
65,B00GHL8VP2,4.1,1701324938.062592
94,B0B9JZW1SQ,3.2,1701324938.062592
7,B00TI8E7BI,4.4,1701324938.062592
183,B07J9KXQCC,3.6,1701324938.062592
110,B0B3JSWG81,3.1,1701324938.062592
76,B08L7J3T31,4.0,1701324938.062592
188,B01M6453MB,4.1,1701324938.062592
102,B009P2LIL4,3.6,1701324938.062592
4,B00J5DYCCA,4.0,1701324938.062592
95,B01486F4G6,4.3,1701324938.062592
